"local_filename","local_path","technique_id","shared_technique_id","character_id","character_slug","character_name","phase_id","phase_label","final_title","description","tags","category","publish_status","visibility","upload_status","youtube_video_id","notes","anatomy_path","poster_path"
"01_cloud_split_1_loading.mp4","C:\zGithub\pickleballkata\biomechanical_mastery_library\01_cloud_split_1_loading.mp4","kata_01_cloud_split","kata_01_cloud_split",,,,"1_loading","Loading","Cloud-Leap (Split-Step) - Loading","Technique: Cloud-Leap (Split-Step)
Category: Footwork
Phase: Loading
Source file: 01_cloud_split_1_loading.mp4","Footwork, Cloud-Leap (Split-Step), Loading","Footwork","ready","unlisted","ready_to_upload","","","/media/anatomy/01_cloud_split_1_loading_anatomy.png",""
"01_cloud_split_2_transition.mp4","C:\zGithub\pickleballkata\biomechanical_mastery_library\01_cloud_split_2_transition.mp4","kata_01_cloud_split","kata_01_cloud_split",,,,"2_transition","Transition","Cloud-Leap (Split-Step) - Transition","Technique: Cloud-Leap (Split-Step)
Category: Footwork
Phase: Transition
Source file: 01_cloud_split_2_transition.mp4","Footwork, Cloud-Leap (Split-Step), Transition","Footwork","ready","unlisted","ready_to_upload","","","/media/anatomy/01_cloud_split_2_transition_anatomy.png",""
"01_cloud_split_3_execution.mp4","C:\zGithub\pickleballkata\biomechanical_mastery_library\01_cloud_split_3_execution.mp4","kata_01_cloud_split","kata_01_cloud_split",,,,"3_execution","Execution","Cloud-Leap (Split-Step) - Execution","Technique: Cloud-Leap (Split-Step)
Category: Footwork
Phase: Execution
Source file: 01_cloud_split_3_execution.mp4","Footwork, Cloud-Leap (Split-Step), Execution","Footwork","ready","unlisted","ready_to_upload","","","/media/anatomy/01_cloud_split_3_execution_anatomy.png",""
"01_cloud_split_4_stabilization.mp4","C:\zGithub\pickleballkata\biomechanical_mastery_library\01_cloud_split_4_stabilization.mp4","kata_01_cloud_split","kata_01_cloud_split",,,,"4_stabilization","Stabilization","Cloud-Leap (Split-Step) - Stabilization","Technique: Cloud-Leap (Split-Step)
Category: Footwork
Phase: Stabilization
Source file: 01_cloud_split_4_stabilization.mp4","Footwork, Cloud-Leap (Split-Step), Stabilization","Footwork","ready","unlisted","ready_to_upload","","","/media/anatomy/01_cloud_split_4_stabilization_anatomy.png",""
"02_golden_hinge_1_loading.mp4","C:\zGithub\pickleballkata\biomechanical_mastery_library\02_golden_hinge_1_loading.mp4","kata_02_golden_hinge","kata_02_golden_hinge",,,,"1_loading","Loading","Golden Hinge (Dink) - Loading","Technique: Golden Hinge (Dink)
Category: Soft Game
Phase: Loading
Source file: 02_golden_hinge_1_loading.mp4","Soft Game, Golden Hinge (Dink), Loading","Soft Game","ready","unlisted","ready_to_upload","","","/media/anatomy/02_golden_dink_1_loading_anatomy.png",""
"02_golden_hinge_2_transition.mp4","C:\zGithub\pickleballkata\biomechanical_mastery_library\02_golden_hinge_2_transition.mp4","kata_02_golden_hinge","kata_02_golden_hinge",,,,"2_transition","Transition","Golden Hinge (Dink) - Transition","Technique: Golden Hinge (Dink)
Category: Soft Game
Phase: Transition
Source file: 02_golden_hinge_2_transition.mp4","Soft Game, Golden Hinge (Dink), Transition","Soft Game","ready","unlisted","ready_to_upload","","","/media/anatomy/02_golden_dink_2_transition_anatomy.png",""
"02_golden_hinge_3_execution.mp4","C:\zGithub\pickleballkata\biomechanical_mastery_library\02_golden_hinge_3_execution.mp4","kata_02_golden_hinge","kata_02_golden_hinge",,,,"3_execution","Execution","Golden Hinge (Dink) - Execution","Technique: Golden Hinge (Dink)
Category: Soft Game
Phase: Execution
Source file: 02_golden_hinge_3_execution.mp4","Soft Game, Golden Hinge (Dink), Execution","Soft Game","ready","unlisted","ready_to_upload","","","/media/anatomy/02_golden_dink_3_execution_anatomy.png",""
"02_golden_hinge_4_stabilization.mp4","C:\zGithub\pickleballkata\biomechanical_mastery_library\02_golden_hinge_4_stabilization.mp4","kata_02_golden_hinge","kata_02_golden_hinge",,,,"4_stabilization","Stabilization","Golden Hinge (Dink) - Stabilization","Technique: Golden Hinge (Dink)
Category: Soft Game
Phase: Stabilization
Source file: 02_golden_hinge_4_stabilization.mp4","Soft Game, Golden Hinge (Dink), Stabilization","Soft Game","ready","unlisted","ready_to_upload","","","/media/anatomy/02_golden_dink_4_stabilization_anatomy.png",""
"03_heavenly_arc_1_loading.mp4","C:\zGithub\pickleballkata\biomechanical_mastery_library\03_heavenly_arc_1_loading.mp4","kata_03_heavenly_arc","kata_03_heavenly_arc",,,,"1_loading","Loading","Heavenly Arc (Slice Drop) - Loading","Technique: Heavenly Arc (Slice Drop)
Category: Drops & Resets
Phase: Loading
Source file: 03_heavenly_arc_1_loading.mp4","Drops & Resets, Heavenly Arc (Slice Drop), Loading","Drops & Resets","ready","unlisted","ready_to_upload","","","/media/anatomy/03_heavenly_arc_1_loading_anatomy.png",""
"03_heavenly_arc_2_transition.mp4","C:\zGithub\pickleballkata\biomechanical_mastery_library\03_heavenly_arc_2_transition.mp4","kata_03_heavenly_arc","kata_03_heavenly_arc",,,,"2_transition","Transition","Heavenly Arc (Slice Drop) - Transition","Technique: Heavenly Arc (Slice Drop)
Category: Drops & Resets
Phase: Transition
Source file: 03_heavenly_arc_2_transition.mp4","Drops & Resets, Heavenly Arc (Slice Drop), Transition","Drops & Resets","ready","unlisted","ready_to_upload","","","/media/anatomy/03_heavenly_arc_2_transition_anatomy.png",""
"03_heavenly_arc_3_execution.mp4","C:\zGithub\pickleballkata\biomechanical_mastery_library\03_heavenly_arc_3_execution.mp4","kata_03_heavenly_arc","kata_03_heavenly_arc",,,,"3_execution","Execution","Heavenly Arc (Slice Drop) - Execution","Technique: Heavenly Arc (Slice Drop)
Category: Drops & Resets
Phase: Execution
Source file: 03_heavenly_arc_3_execution.mp4","Drops & Resets, Heavenly Arc (Slice Drop), Execution","Drops & Resets","ready","unlisted","ready_to_upload","","","/media/anatomy/03_heavenly_arc_3_execution_anatomy.png",""
"03_heavenly_arc_4_stabilization.mp4","C:\zGithub\pickleballkata\biomechanical_mastery_library\03_heavenly_arc_4_stabilization.mp4","kata_03_heavenly_arc","kata_03_heavenly_arc",,,,"4_stabilization","Stabilization","Heavenly Arc (Slice Drop) - Stabilization","Technique: Heavenly Arc (Slice Drop)
Category: Drops & Resets
Phase: Stabilization
Source file: 03_heavenly_arc_4_stabilization.mp4","Drops & Resets, Heavenly Arc (Slice Drop), Stabilization","Drops & Resets","ready","unlisted","ready_to_upload","","","/media/anatomy/03_heavenly_arc_4_stabilization_anatomy.png",""
"04_stone_wall_1_loading.mp4","C:\zGithub\pickleballkata\biomechanical_mastery_library\04_stone_wall_1_loading.mp4","kata_04_stone_wall","kata_04_stone_wall",,,,"1_loading","Loading","Stone Wall (Block) - Loading","Technique: Stone Wall (Block)
Category: Defense
Phase: Loading
Source file: 04_stone_wall_1_loading.mp4","Defense, Stone Wall (Block), Loading","Defense","ready","unlisted","ready_to_upload","","","/media/anatomy/04_stone_wall_1_loading_anatomy.png",""
"04_stone_wall_2_transition.mp4","C:\zGithub\pickleballkata\biomechanical_mastery_library\04_stone_wall_2_transition.mp4","kata_04_stone_wall","kata_04_stone_wall",,,,"2_transition","Transition","Stone Wall (Block) - Transition","Technique: Stone Wall (Block)
Category: Defense
Phase: Transition
Source file: 04_stone_wall_2_transition.mp4","Defense, Stone Wall (Block), Transition","Defense","ready","unlisted","ready_to_upload","","","/media/anatomy/04_stone_wall_2_transition_anatomy.png",""
"04_stone_wall_3_execution.mp4","C:\zGithub\pickleballkata\biomechanical_mastery_library\04_stone_wall_3_execution.mp4","kata_04_stone_wall","kata_04_stone_wall",,,,"3_execution","Execution","Stone Wall (Block) - Execution","Technique: Stone Wall (Block)
Category: Defense
Phase: Execution
Source file: 04_stone_wall_3_execution.mp4","Defense, Stone Wall (Block), Execution","Defense","ready","unlisted","ready_to_upload","","","/media/anatomy/04_stone_wall_3_execution_anatomy.png",""
"04_stone_wall_4_stabilization.mp4","C:\zGithub\pickleballkata\biomechanical_mastery_library\04_stone_wall_4_stabilization.mp4","kata_04_stone_wall","kata_04_stone_wall",,,,"4_stabilization","Stabilization","Stone Wall (Block) - Stabilization","Technique: Stone Wall (Block)
Category: Defense
Phase: Stabilization
Source file: 04_stone_wall_4_stabilization.mp4","Defense, Stone Wall (Block), Stabilization","Defense","ready","unlisted","ready_to_upload","","","/media/anatomy/04_stone_wall_4_stabilization_anatomy.png",""
"05_precision_snap_1_loading.mp4","C:\zGithub\pickleballkata\biomechanical_mastery_library\05_precision_snap_1_loading.mp4","kata_05_precision_snap","kata_05_precision_snap",,,,"1_loading","Loading","Precision Snap (Volley) - Loading","Technique: Precision Snap (Volley)
Category: Volleys
Phase: Loading
Source file: 05_precision_snap_1_loading.mp4","Volleys, Precision Snap (Volley), Loading","Volleys","ready","unlisted","ready_to_upload","","","/media/anatomy/05_precision_snap_1_loading_anatomy.png",""
"05_precision_snap_2_transition.mp4","C:\zGithub\pickleballkata\biomechanical_mastery_library\05_precision_snap_2_transition.mp4","kata_05_precision_snap","kata_05_precision_snap",,,,"2_transition","Transition","Precision Snap (Volley) - Transition","Technique: Precision Snap (Volley)
Category: Volleys
Phase: Transition
Source file: 05_precision_snap_2_transition.mp4","Volleys, Precision Snap (Volley), Transition","Volleys","ready","unlisted","ready_to_upload","","","/media/anatomy/05_precision_snap_2_transition_anatomy.png",""
"05_precision_snap_3_execution.mp4","C:\zGithub\pickleballkata\biomechanical_mastery_library\05_precision_snap_3_execution.mp4","kata_05_precision_snap","kata_05_precision_snap",,,,"3_execution","Execution","Precision Snap (Volley) - Execution","Technique: Precision Snap (Volley)
Category: Volleys
Phase: Execution
Source file: 05_precision_snap_3_execution.mp4","Volleys, Precision Snap (Volley), Execution","Volleys","ready","unlisted","ready_to_upload","","","/media/anatomy/05_precision_snap_3_execution_anatomy.png",""
"05_precision_snap_4_stabilization.mp4","C:\zGithub\pickleballkata\biomechanical_mastery_library\05_precision_snap_4_stabilization.mp4","kata_05_precision_snap","kata_05_precision_snap",,,,"4_stabilization","Stabilization","Precision Snap (Volley) - Stabilization","Technique: Precision Snap (Volley)
Category: Volleys
Phase: Stabilization
Source file: 05_precision_snap_4_stabilization.mp4","Volleys, Precision Snap (Volley), Stabilization","Volleys","ready","unlisted","ready_to_upload","","","/media/anatomy/05_precision_snap_4_stabilization_anatomy.png",""
"06_mountain_peak_1_loading.mp4","C:\zGithub\pickleballkata\biomechanical_mastery_library\06_mountain_peak_1_loading.mp4","kata_06_mountain_peak","kata_06_mountain_peak",,,,"1_loading","Loading","Mountain Peak (Power Drive) - Loading","Technique: Mountain Peak (Power Drive)
Category: Power Game
Phase: Loading
Source file: 06_mountain_peak_1_loading.mp4","Power Game, Mountain Peak (Power Drive), Loading","Power Game","ready","unlisted","ready_to_upload","","","/media/anatomy/06_mountain_peak_1_loading_anatomy.png",""
"06_mountain_peak_2_transition.mp4","C:\zGithub\pickleballkata\biomechanical_mastery_library\06_mountain_peak_2_transition.mp4","kata_06_mountain_peak","kata_06_mountain_peak",,,,"2_transition","Transition","Mountain Peak (Power Drive) - Transition","Technique: Mountain Peak (Power Drive)
Category: Power Game
Phase: Transition
Source file: 06_mountain_peak_2_transition.mp4","Power Game, Mountain Peak (Power Drive), Transition","Power Game","ready","unlisted","ready_to_upload","","","/media/anatomy/06_mountain_peak_2_transition_anatomy.png",""
"06_mountain_peak_3_execution.mp4","C:\zGithub\pickleballkata\biomechanical_mastery_library\06_mountain_peak_3_execution.mp4","kata_06_mountain_peak","kata_06_mountain_peak",,,,"3_execution","Execution","Mountain Peak (Power Drive) - Execution","Technique: Mountain Peak (Power Drive)
Category: Power Game
Phase: Execution
Source file: 06_mountain_peak_3_execution.mp4","Power Game, Mountain Peak (Power Drive), Execution","Power Game","ready","unlisted","ready_to_upload","","","/media/anatomy/06_mountain_peak_3_execution_anatomy.png",""
"06_mountain_peak_4_stabilization.mp4","C:\zGithub\pickleballkata\biomechanical_mastery_library\06_mountain_peak_4_stabilization.mp4","kata_06_mountain_peak","kata_06_mountain_peak",,,,"4_stabilization","Stabilization","Mountain Peak (Power Drive) - Stabilization","Technique: Mountain Peak (Power Drive)
Category: Power Game
Phase: Stabilization
Source file: 06_mountain_peak_4_stabilization.mp4","Power Game, Mountain Peak (Power Drive), Stabilization","Power Game","ready","unlisted","ready_to_upload","","","/media/anatomy/06_mountain_peak_4_stabilization_anatomy.png",""
"07_aerial_switch_1_loading.mp4","C:\zGithub\pickleballkata\biomechanical_mastery_library\07_aerial_switch_1_loading.mp4","kata_07_aerial_switch","kata_07_aerial_switch",,,,"1_loading","Loading","Aerial Switch (Overhead) - Loading","Technique: Aerial Switch (Overhead)
Category: Overheads
Phase: Loading
Source file: 07_aerial_switch_1_loading.mp4","Overheads, Aerial Switch (Overhead), Loading","Overheads","ready","unlisted","ready_to_upload","","","/media/anatomy/07_aerial_switch_1_loading_anatomy.png",""
"07_aerial_switch_2_transition.mp4","C:\zGithub\pickleballkata\biomechanical_mastery_library\07_aerial_switch_2_transition.mp4","kata_07_aerial_switch","kata_07_aerial_switch",,,,"2_transition","Transition","Aerial Switch (Overhead) - Transition","Technique: Aerial Switch (Overhead)
Category: Overheads
Phase: Transition
Source file: 07_aerial_switch_2_transition.mp4","Overheads, Aerial Switch (Overhead), Transition","Overheads","ready","unlisted","ready_to_upload","","","/media/anatomy/07_aerial_switch_2_transition_anatomy.png",""
"07_aerial_switch_3_execution.mp4","C:\zGithub\pickleballkata\biomechanical_mastery_library\07_aerial_switch_3_execution.mp4","kata_07_aerial_switch","kata_07_aerial_switch",,,,"3_execution","Execution","Aerial Switch (Overhead) - Execution","Technique: Aerial Switch (Overhead)
Category: Overheads
Phase: Execution
Source file: 07_aerial_switch_3_execution.mp4","Overheads, Aerial Switch (Overhead), Execution","Overheads","ready","unlisted","ready_to_upload","","","/media/anatomy/07_aerial_switch_3_execution_anatomy.png",""
"07_aerial_switch_4_stabilization.mp4","C:\zGithub\pickleballkata\biomechanical_mastery_library\07_aerial_switch_4_stabilization.mp4","kata_07_aerial_switch","kata_07_aerial_switch",,,,"4_stabilization","Stabilization","Aerial Switch (Overhead) - Stabilization","Technique: Aerial Switch (Overhead)
Category: Overheads
Phase: Stabilization
Source file: 07_aerial_switch_4_stabilization.mp4","Overheads, Aerial Switch (Overhead), Stabilization","Overheads","ready","unlisted","ready_to_upload","","","/media/anatomy/07_aerial_switch_4_stabilization_anatomy.png",""
"08_river_flow_1_loading.mp4","C:\zGithub\pickleballkata\biomechanical_mastery_library\08_river_flow_1_loading.mp4","kata_08_river_flow","kata_08_river_flow",,,,"1_loading","Loading","River Flow (Reset) - Loading","Technique: River Flow (Reset)
Category: Drops & Resets
Phase: Loading
Source file: 08_river_flow_1_loading.mp4","Drops & Resets, River Flow (Reset), Loading","Drops & Resets","ready","unlisted","ready_to_upload","","","/media/anatomy/08_river_flow_1_loading_anatomy.png",""
"08_river_flow_2_transition.mp4","C:\zGithub\pickleballkata\biomechanical_mastery_library\08_river_flow_2_transition.mp4","kata_08_river_flow","kata_08_river_flow",,,,"2_transition","Transition","River Flow (Reset) - Transition","Technique: River Flow (Reset)
Category: Drops & Resets
Phase: Transition
Source file: 08_river_flow_2_transition.mp4","Drops & Resets, River Flow (Reset), Transition","Drops & Resets","ready","unlisted","ready_to_upload","","","/media/anatomy/08_river_flow_2_transition_anatomy.png",""
"08_river_flow_3_execution.mp4","C:\zGithub\pickleballkata\biomechanical_mastery_library\08_river_flow_3_execution.mp4","kata_08_river_flow","kata_08_river_flow",,,,"3_execution","Execution","River Flow (Reset) - Execution","Technique: River Flow (Reset)
Category: Drops & Resets
Phase: Execution
Source file: 08_river_flow_3_execution.mp4","Drops & Resets, River Flow (Reset), Execution","Drops & Resets","ready","unlisted","ready_to_upload","","","/media/anatomy/08_river_flow_3_execution_anatomy.png",""
"08_river_flow_4_stabilization.mp4","C:\zGithub\pickleballkata\biomechanical_mastery_library\08_river_flow_4_stabilization.mp4","kata_08_river_flow","kata_08_river_flow",,,,"4_stabilization","Stabilization","River Flow (Reset) - Stabilization","Technique: River Flow (Reset)
Category: Drops & Resets
Phase: Stabilization
Source file: 08_river_flow_4_stabilization.mp4","Drops & Resets, River Flow (Reset), Stabilization","Drops & Resets","ready","unlisted","ready_to_upload","","","/media/anatomy/08_river_flow_4_stabilization_anatomy.png",""
"09_monkey_wing_1_loading.mp4","C:\zGithub\pickleballkata\biomechanical_mastery_library\09_monkey_wing_1_loading.mp4","kata_09_monkey_wing","kata_09_monkey_wing",,,,"1_loading","Loading","Monkey Wing (Topspin Roll) - Loading","Technique: Monkey Wing (Topspin Roll)
Category: Soft Game
Phase: Loading
Source file: 09_monkey_wing_1_loading.mp4","Soft Game, Monkey Wing (Topspin Roll), Loading","Soft Game","ready","unlisted","ready_to_upload","","","/media/anatomy/09_monkey_wing_1_loading_anatomy.png",""
"09_monkey_wing_2_transition.mp4","C:\zGithub\pickleballkata\biomechanical_mastery_library\09_monkey_wing_2_transition.mp4","kata_09_monkey_wing","kata_09_monkey_wing",,,,"2_transition","Transition","Monkey Wing (Topspin Roll) - Transition","Technique: Monkey Wing (Topspin Roll)
Category: Soft Game
Phase: Transition
Source file: 09_monkey_wing_2_transition.mp4","Soft Game, Monkey Wing (Topspin Roll), Transition","Soft Game","ready","unlisted","ready_to_upload","","","/media/anatomy/09_monkey_wing_2_transition_anatomy.png",""
"09_monkey_wing_3_execution.mp4","C:\zGithub\pickleballkata\biomechanical_mastery_library\09_monkey_wing_3_execution.mp4","kata_09_monkey_wing","kata_09_monkey_wing",,,,"3_execution","Execution","Monkey Wing (Topspin Roll) - Execution","Technique: Monkey Wing (Topspin Roll)
Category: Soft Game
Phase: Execution
Source file: 09_monkey_wing_3_execution.mp4","Soft Game, Monkey Wing (Topspin Roll), Execution","Soft Game","ready","unlisted","ready_to_upload","","","/media/anatomy/09_monkey_wing_3_execution_anatomy.png",""
"09_monkey_wing_4_stabilization.mp4","C:\zGithub\pickleballkata\biomechanical_mastery_library\09_monkey_wing_4_stabilization.mp4","kata_09_monkey_wing","kata_09_monkey_wing",,,,"4_stabilization","Stabilization","Monkey Wing (Topspin Roll) - Stabilization","Technique: Monkey Wing (Topspin Roll)
Category: Soft Game
Phase: Stabilization
Source file: 09_monkey_wing_4_stabilization.mp4","Soft Game, Monkey Wing (Topspin Roll), Stabilization","Soft Game","ready","unlisted","ready_to_upload","","","/media/anatomy/09_monkey_wing_4_stabilization_anatomy.png",""
"10_infinite_reach_1_loading.mp4","C:\zGithub\pickleballkata\biomechanical_mastery_library\10_infinite_reach_1_loading.mp4","kata_10_infinite_reach","kata_10_infinite_reach",,,,"1_loading","Loading","Infinite Reach (Lunge) - Loading","Technique: Infinite Reach (Lunge)
Category: Footwork
Phase: Loading
Source file: 10_infinite_reach_1_loading.mp4","Footwork, Infinite Reach (Lunge), Loading","Footwork","ready","unlisted","ready_to_upload","","","/media/anatomy/10_infinite_reach_1_loading_anatomy.png",""
"10_infinite_reach_2_transition.mp4","C:\zGithub\pickleballkata\biomechanical_mastery_library\10_infinite_reach_2_transition.mp4","kata_10_infinite_reach","kata_10_infinite_reach",,,,"2_transition","Transition","Infinite Reach (Lunge) - Transition","Technique: Infinite Reach (Lunge)
Category: Footwork
Phase: Transition
Source file: 10_infinite_reach_2_transition.mp4","Footwork, Infinite Reach (Lunge), Transition","Footwork","ready","unlisted","ready_to_upload","","","/media/anatomy/10_infinite_reach_2_transition_anatomy.png",""
"10_infinite_reach_3_execution.mp4","C:\zGithub\pickleballkata\biomechanical_mastery_library\10_infinite_reach_3_execution.mp4","kata_10_infinite_reach","kata_10_infinite_reach",,,,"3_execution","Execution","Infinite Reach (Lunge) - Execution","Technique: Infinite Reach (Lunge)
Category: Footwork
Phase: Execution
Source file: 10_infinite_reach_3_execution.mp4","Footwork, Infinite Reach (Lunge), Execution","Footwork","ready","unlisted","ready_to_upload","","","/media/anatomy/10_infinite_reach_3_execution_anatomy.png",""
"10_infinite_reach_4_stabilization.mp4","C:\zGithub\pickleballkata\biomechanical_mastery_library\10_infinite_reach_4_stabilization.mp4","kata_10_infinite_reach","kata_10_infinite_reach",,,,"4_stabilization","Stabilization","Infinite Reach (Lunge) - Stabilization","Technique: Infinite Reach (Lunge)
Category: Footwork
Phase: Stabilization
Source file: 10_infinite_reach_4_stabilization.mp4","Footwork, Infinite Reach (Lunge), Stabilization","Footwork","ready","unlisted","ready_to_upload","","","/media/anatomy/10_infinite_reach_4_stabilization_anatomy.png",""
